[
    {
        "name" : "symbols_ignored_sybol",
        "regex":" ",
        "description":"Símbolos que não influenciam na linguagem.Ex.:espaço em branco"
    },
    {
        "name" : "symbol_semicolon",
        "regex":";",
        "description":"Símbolo ponto e virgula, deve ser usado para indicar final de comandos."
    },
    {
        "name" : "symbol_equals",
        "regex":"=",
        "description":"Símbolo de igualdade, deve ser usado para atribuições."
    },
    {
        "name" : "reserved_word_integer",
        "regex":"int",
        "description":"palavra reservada, declaração de número inteiro."
    },
    {
        "name":"identifier",
        "regex":"[a-zA-Z_]+[a-zA-Z0-9_]*",
        "description":"Identificador."
    },
    {
        "name":"number_integer",
         "regex": "[-\+]*[0-9]+",
        "description":"Número inteiro."
    },
    {
        "name":"number_real",
        "regex":"[-\+]*[0-9]*\\.{1}[0-9]+",
        "description":"Número real."
    }
]
