<?xml version="1.0" encoding="UTF-8"?>
<project-private xmlns="http://www.netbeans.org/ns/project-private/1">
    <editor-bookmarks xmlns="http://www.netbeans.org/ns/editor-bookmarks/2" lastBookmarkId="0"/>
    <open-files xmlns="http://www.netbeans.org/ns/projectui-open-files/2">
        <group>
            <file>file:/home/efw/NetBeansProjects/Compilador/src/LIBS/TextFile.java</file>
            <file>file:/home/efw/NetBeansProjects/Compilador/src/CONTROL/Main.java</file>
            <file>file:/home/efw/NetBeansProjects/Compilador/src/CONTROL/file.txt</file>
            <file>file:/home/efw/NetBeansProjects/Compilador/src/LIBS/LexicalAnalysis.java</file>
            <file>file:/home/efw/NetBeansProjects/Compilador/src/CONTROL/lexical_definition.txt</file>
            <file>file:/home/efw/NetBeansProjects/Compilador/src/LIBS/Token.java</file>
        </group>
    </open-files>
</project-private>
